{
  "project_info": {
    "project_number": "340608029002",
    "firebase_url": "https://fastcampus-tinder-demo-default-rtdb.firebaseio.com",
    "project_id": "fastcampus-tinder-demo",
    "storage_bucket": "fastcampus-tinder-demo.appspot.com"
  },
  "client": [
    {
      "client_info": {
        "mobilesdk_app_id": "1:340608029002:android:2d339c105a04565f2a71b3",
        "android_client_info": {
          "package_name": "fastcampus.aop.part3.chapter06"
        }
      },
      "oauth_client": [
        {
          "client_id": "340608029002-0dcv1tgbdjf1d0l9ue2r1iuvnjpa0p3s.apps.googleusercontent.com",
          "client_type": 3
        }
      ],
      "api_key": [
        {
          "current_key": "AIzaSyABKMdOiAHFFpUDZgUcIjSr5TafLt62GdA"
        }
      ],
      "services": {
        "appinvite_service": {
          "other_platform_oauth_client": [
            {
              "client_id": "340608029002-0dcv1tgbdjf1d0l9ue2r1iuvnjpa0p3s.apps.googleusercontent.com",
              "client_type": 3
            }
          ]
        }
      }
    },
    {
      "client_info": {
        "mobilesdk_app_id": "1:340608029002:android:5e85457f928baf2b2a71b3",
        "android_client_info": {
          "package_name": "fastcampus.aop.part3.chapter06_final"
        }
      },
      "oauth_client": [
        {
          "client_id": "340608029002-0dcv1tgbdjf1d0l9ue2r1iuvnjpa0p3s.apps.googleusercontent.com",
          "client_type": 3
        }
      ],
      "api_key": [
        {
          "current_key": "AIzaSyABKMdOiAHFFpUDZgUcIjSr5TafLt62GdA"
        }
      ],
      "services": {
        "appinvite_service": {
          "other_platform_oauth_client": [
            {
              "client_id": "340608029002-0dcv1tgbdjf1d0l9ue2r1iuvnjpa0p3s.apps.googleusercontent.com",
              "client_type": 3
            }
          ]
        }
      }
    }
  ],
  "configuration_version": "1"
}